{"_id":"1584288518955_0.014601374205560402_33567185","name":"大学英语","week":"3","time":"13","teacher":"任慧","classroom":"教A-101","_openid":"oTq1a5MsM1LFBa_MWNGJrVcrJF1A"}
{"_id":"3eecea205e70b577000090bb16bd942e","name":"概率统计","week":"1-16","time":"11","teacher":"袁德寅","classroom":"教A-101","_openid":"oTq1a5MsM1LFBa_MWNGJrVcrJF1A"}
{"_id":"42c9a7b15e7eec180019e54578dbac9a","job":"student","_openid":"oTq1a5MsM1LFBa_MWNGJrVcrJF1A","account":"160310346","password":"111"}
{"_id":"79a2c43f5e7f05f0001c7c63258e1934","account":"100010000","password":"10001","job":"student","_openid":"oTq1a5MsM1LFBa_MWNGJrVcrJF1A"}
{"_id":"a94b6ece5e70b57a0000a1595ebc51f1","teacher":"袁德寅","classroom":"教A-101","_openid":"oTq1a5MsM1LFBa_MWNGJrVcrJF1A","name":"概率统计","week":"1-16","time":"32","num":""}
{"_id":"dc65fe3e5e7eec270014ddc77ca5231f","_openid":"oTq1a5MsM1LFBa_MWNGJrVcrJF1A","account":"160310346","password":"111","job":"student"}
{"_id":"dc65fe3e5e7f39fd00162008660b7a71","job":"student","_openid":"oTq1a5MsM1LFBa_MWNGJrVcrJF1A","account":"160310338","password":"111"}
{"_id":"f3db088f5e7eed23001ea57529089228","account":"160310301","password":"111","job":"student","_openid":"oTq1a5MsM1LFBa_MWNGJrVcrJF1A"}
